year_dec,month,Department stores,Online & other nonstore,Clothing stores,Grocery stores,Electronics & appliance,"Sporting goods, hobby, books",Furniture stores,Building materials & garden,Health & personal care,Motor vehicles & parts,Gas stations,Total retail
1992.0,1992-01,14.134,5.416,9.459,27.465,3.743,3.103,4.087,10.698,7.313,32.679,12.652,142.419
1992.0833,1992-02,14.472,5.096,9.444,27.352,3.782,3.228,4.177,10.842,7.364,32.806,12.399,142.584
1992.1667,1992-03,14.543,5.038,9.325,27.338,3.773,3.249,4.172,10.876,7.356,32.453,12.45,142.12
1992.25,1992-04,14.529,5.372,9.61,27.471,3.835,3.278,4.182,10.666,7.423,32.951,12.507,143.659
1992.3333,1992-05,14.634,5.573,9.477,27.589,3.85,3.305,4.159,10.657,7.395,33.197,12.679,144.239
1992.4167,1992-06,14.597,5.68,9.622,27.586,3.843,3.357,4.239,10.715,7.323,33.912,12.696,145.273
1992.5,1992-07,14.469,5.875,9.709,27.891,3.993,3.372,4.195,10.66,7.194,34.599,12.801,146.743
1992.5833,1992-08,14.729,5.744,9.886,27.795,3.922,3.359,4.202,10.792,7.471,33.159,12.902,146.07
1992.6667,1992-09,14.816,5.732,9.833,27.641,3.952,3.383,4.182,10.881,7.322,35.042,13.003,147.932
1992.75,1992-10,14.87,5.703,9.904,28.153,4.031,3.413,4.13,10.845,7.452,35.174,13.14,149.346
1992.8333,1992-11,14.994,5.704,9.824,27.791,4.016,3.4,4.193,10.723,7.41,34.964,13.196,149.131
1992.9167,1992-12,15.31,5.638,9.991,27.76,4.112,3.463,4.26,10.729,7.371,35.563,13.235,150.578
1993.0,1993-01,15.334,5.739,10.278,27.746,4.281,3.493,4.468,11.217,7.437,36.088,13.243,152.329
1993.0833,1993-02,15.119,5.811,9.889,27.999,4.208,3.4,4.339,11.343,7.566,35.748,13.413,151.742
1993.1667,1993-03,14.985,6.037,9.601,27.891,4.265,3.455,4.304,11.111,7.509,35.239,13.295,150.525
1993.25,1993-04,15.406,5.883,10.017,28.037,4.322,3.536,4.392,11.366,7.595,37.718,13.402,154.72
1993.3333,1993-05,15.523,6.081,10.089,28.028,4.359,3.536,4.473,11.599,7.591,37.792,13.345,155.537
1993.4167,1993-06,15.517,5.892,10.071,27.91,4.441,3.509,4.446,11.571,7.599,37.925,13.25,155.353
1993.5,1993-07,15.757,6.014,10.29,28.358,4.49,3.54,4.473,11.656,7.672,39.345,13.355,158.267
1993.5833,1993-08,15.775,6.04,10.094,27.865,4.488,3.544,4.48,11.757,7.61,39.289,13.18,157.425
1993.6667,1993-09,15.785,6.313,10.263,28.124,4.579,3.561,4.468,11.632,7.673,39.375,13.237,158.535
1993.75,1993-10,15.985,6.346,10.162,28.235,4.546,3.556,4.499,11.801,7.686,39.654,13.614,159.773
1993.8333,1993-11,15.987,6.6,10.174,28.271,4.598,3.65,4.528,12.198,7.692,41.141,13.589,162.004
1993.9167,1993-12,15.988,6.438,10.208,28.365,4.638,3.666,4.523,12.19,7.851,41.939,13.49,163.258
1994.0,1994-01,16.036,6.749,10.165,28.283,4.713,3.715,4.42,12.185,7.806,41.231,13.51,162.369
1994.0833,1994-02,16.203,6.695,10.314,28.509,4.803,3.807,4.608,12.17,7.648,42.712,13.713,165.075
1994.1667,1994-03,16.663,6.779,10.502,28.616,4.901,3.839,4.734,12.624,7.829,43.781,13.722,168.33
1994.25,1994-04,16.337,6.883,10.215,28.756,4.976,3.791,4.747,13.07,7.764,43.836,13.722,168.262
1994.3333,1994-05,16.301,6.778,10.111,28.558,5.02,3.862,4.804,12.91,7.856,43.238,13.59,167.412
1994.4167,1994-06,16.478,6.915,10.324,28.956,5.147,3.904,4.832,12.825,7.926,43.525,13.902,169.337
1994.5,1994-07,16.543,6.991,10.377,28.768,5.206,3.904,4.877,13.017,8.005,43.05,14.176,169.514
1994.5833,1994-08,16.635,7.123,10.545,28.997,5.27,4.011,4.992,13.137,8.048,44.176,14.497,172.332
1994.6667,1994-09,16.676,7.014,10.403,29.251,5.343,4.043,5.002,13.245,8.086,45.325,14.533,174.018
1994.75,1994-10,16.796,7.12,10.701,29.022,5.505,4.08,5.082,13.441,8.134,45.686,14.565,175.309
1994.8333,1994-11,16.866,7.036,10.641,29.051,5.601,3.968,5.02,13.3,8.103,46.294,14.676,175.761
1994.9167,1994-12,16.949,7.095,10.662,29.198,5.697,4.001,5.076,13.53,8.173,45.77,14.757,176.168
1995.0,1995-01,17.205,7.089,10.601,29.288,5.714,4.334,5.103,13.636,8.211,45.993,14.729,177.136
1995.0833,1995-02,16.68,7.172,10.32,29.196,5.68,4.004,4.919,13.555,8.217,44.817,14.792,174.56
1995.1667,1995-03,16.904,7.096,10.558,29.302,5.679,3.988,4.957,13.469,8.206,45.823,14.814,176.376
1995.25,1995-04,16.985,7.241,10.476,29.096,5.664,4.08,5.015,13.356,8.374,45.632,14.84,176.353
1995.3333,1995-05,16.997,7.434,10.646,29.358,5.8,4.152,5.057,13.281,8.321,47.129,15.064,179.02
1995.4167,1995-06,17.269,7.375,10.654,29.523,5.826,4.152,5.053,13.407,8.39,48.706,15.24,181.382
1995.5,1995-07,17.487,7.431,10.527,29.302,5.816,4.195,5.157,13.524,8.351,47.332,15.1,180.019
1995.5833,1995-08,17.231,7.599,10.483,29.376,6.004,4.129,5.134,13.51,8.383,48.852,15.023,181.787
1995.6667,1995-09,17.44,7.754,10.902,29.391,6.011,4.197,5.249,13.74,8.552,47.693,15.063,182.074
1995.75,1995-10,17.188,7.594,10.541,29.228,6.063,4.075,5.269,13.825,8.483,48.281,14.85,181.411
1995.8333,1995-11,17.283,8.012,10.98,29.483,6.139,4.316,5.319,13.968,8.593,48.997,14.839,184.327
1995.9167,1995-12,17.332,8.355,10.839,29.589,6.159,4.308,5.276,14.248,8.664,48.505,15.118,184.841
1996.0,1996-01,17.082,8.045,10.79,29.665,6.064,4.676,5.143,13.944,8.456,49.53,15.302,184.636
1996.0833,1996-02,17.336,8.273,11.045,29.677,6.115,4.357,5.176,13.9,8.669,51.291,15.313,187.576
1996.1667,1996-03,17.248,8.406,11.035,29.716,6.241,4.351,5.393,14.056,8.92,50.513,15.819,188.237
1996.25,1996-04,17.675,8.446,11.056,29.872,6.24,4.279,5.427,14.33,8.798,50.73,16.102,189.778
1996.3333,1996-05,17.624,8.375,11.213,29.895,6.286,4.146,5.402,14.291,8.982,51.572,16.383,191.544
1996.4167,1996-06,17.544,8.451,10.98,29.85,6.227,4.163,5.497,14.735,9.003,50.083,16.173,189.96
1996.5,1996-07,17.581,8.483,10.99,30.083,6.106,4.179,5.521,14.739,9.023,51.21,15.916,191.113
1996.5833,1996-08,17.737,8.448,11.077,30.381,6.181,4.362,5.469,14.827,9.137,50.181,15.953,191.139
1996.6667,1996-09,17.866,8.697,11.238,30.064,6.279,4.378,5.576,14.838,9.113,51.865,15.964,193.303
1996.75,1996-10,18.017,8.82,11.206,30.45,6.257,4.487,5.591,14.878,9.251,52.604,16.189,195.42
1996.8333,1996-11,17.97,9.249,11.036,30.575,6.189,4.471,5.584,15.095,9.345,51.296,16.514,194.86
1996.9167,1996-12,18.117,9.331,11.081,30.247,6.134,4.778,5.575,14.753,9.392,51.613,16.538,195.318
1997.0,1997-01,18.138,8.92,11.243,30.691,5.974,4.471,5.639,15.044,9.347,53.055,16.856,197.447
1997.0833,1997-02,18.185,9.111,11.164,30.59,6.226,4.471,5.669,15.459,9.546,53.319,16.85,198.891
1997.1667,1997-03,18.238,9.218,11.38,30.801,6.24,4.54,5.725,16.0,9.861,53.189,16.837,200.352
1997.25,1997-04,18.096,9.351,10.715,30.605,6.348,4.567,5.788,15.434,9.432,52.293,16.452,197.212
1997.3333,1997-05,18.194,9.309,11.088,30.772,6.268,4.641,5.813,15.654,9.637,51.236,16.305,196.937
1997.4167,1997-06,18.276,9.397,11.31,30.355,6.305,4.677,5.841,15.783,9.804,52.86,16.27,199.311
1997.5,1997-07,18.529,9.455,11.365,30.694,6.387,4.623,5.85,15.799,9.827,54.375,16.243,201.751
1997.5833,1997-08,18.556,9.326,11.527,30.832,6.407,4.408,5.958,15.917,9.876,53.814,16.572,201.892
1997.6667,1997-09,18.446,9.516,11.507,30.75,6.392,4.516,5.975,16.159,9.987,54.366,16.631,202.992
1997.75,1997-10,18.58,9.378,11.628,30.931,6.432,4.538,5.96,16.096,9.947,53.843,16.648,203.055
1997.8333,1997-11,18.652,9.53,11.594,30.803,6.478,4.646,6.069,15.964,10.119,53.565,16.493,202.778
1997.9167,1997-12,18.427,9.374,11.789,30.568,6.509,4.66,6.115,16.189,10.08,54.746,16.292,203.837
1998.0,1998-01,18.474,9.294,11.823,30.76,6.624,4.651,6.184,16.263,10.302,54.241,16.13,204.505
1998.0833,1998-02,18.698,9.565,11.884,30.53,6.661,4.777,6.142,16.342,10.271,53.549,15.924,204.207
1998.1667,1998-03,18.529,9.68,11.739,30.677,6.625,4.781,6.149,16.386,10.247,54.881,15.559,205.311
1998.25,1998-04,18.649,9.72,12.136,30.878,6.651,4.826,6.165,16.601,10.48,56.57,15.682,208.683
1998.3333,1998-05,18.653,10.084,11.953,30.946,6.692,4.814,6.157,16.609,10.553,56.468,15.94,209.165
1998.4167,1998-06,18.553,9.941,12.069,31.113,6.752,4.795,6.227,16.569,10.534,58.386,15.801,211.222
1998.5,1998-07,18.489,10.278,12.289,31.35,6.82,4.792,6.246,16.662,10.706,55.288,15.996,209.658
1998.5833,1998-08,18.548,10.116,12.16,31.329,6.928,4.774,6.239,16.71,10.942,53.392,15.733,207.737
1998.6667,1998-09,18.589,10.09,11.847,31.384,6.811,4.784,6.222,16.8,10.831,55.92,15.633,210.112
1998.75,1998-10,18.692,10.289,12.242,31.67,6.802,4.806,6.31,17.062,10.987,57.773,15.862,213.794
1998.8333,1998-11,18.805,10.325,12.443,31.507,6.804,4.787,6.452,17.194,11.094,58.329,15.916,215.194
1998.9167,1998-12,18.855,10.193,12.375,31.913,6.809,4.879,6.504,17.465,11.166,59.503,16.07,217.396
1999.0,1999-01,19.059,10.463,12.565,31.749,6.861,5.002,6.434,17.539,11.322,58.721,16.281,217.93
1999.0833,1999-02,19.351,10.647,12.613,32.12,6.876,4.997,6.565,17.812,11.347,59.961,16.218,220.769
1999.1667,1999-03,19.372,10.785,12.757,32.107,6.973,4.992,6.633,17.61,11.451,60.662,16.418,222.199
1999.25,1999-04,19.075,11.016,12.765,32.391,7.026,5.002,6.585,17.698,11.449,61.182,17.053,223.837
1999.3333,1999-05,19.032,11.273,13.016,32.434,7.108,5.029,6.687,17.773,11.624,61.851,17.024,225.577
1999.4167,1999-06,19.27,11.335,12.96,32.23,7.132,5.067,6.778,17.815,11.695,62.453,16.895,226.474
1999.5,1999-07,19.203,11.444,12.945,32.705,7.252,5.028,6.75,18.029,11.74,63.007,17.639,228.424
1999.5833,1999-08,19.191,11.683,13.029,32.375,7.139,5.031,6.947,18.217,11.705,64.529,18.006,230.902
1999.6667,1999-09,19.343,11.795,13.128,32.911,7.257,5.099,7.065,17.905,11.84,63.804,18.227,231.912
1999.75,1999-10,19.256,11.851,13.054,32.56,7.295,5.16,7.132,18.467,12.037,62.51,18.537,231.254
1999.8333,1999-11,19.116,11.865,13.061,32.629,7.102,5.172,7.074,18.87,12.094,64.791,18.861,234.425
1999.9167,1999-12,19.249,12.315,13.303,33.913,7.347,5.198,7.079,18.947,12.624,64.711,19.818,239.589
2000.0,2000-01,19.204,12.594,12.986,31.836,7.462,5.156,7.292,19.412,12.246,65.942,19.251,237.541
2000.0833,2000-02,19.158,13.137,13.152,32.191,7.506,5.231,7.341,19.078,12.194,67.906,20.06,241.541
2000.1667,2000-03,19.227,13.026,13.477,32.834,7.501,5.338,7.376,19.905,12.403,67.329,20.808,244.533
2000.25,2000-04,19.208,13.174,13.428,33.122,7.712,5.393,7.523,18.88,12.626,63.981,19.761,239.552
2000.3333,2000-05,19.397,13.405,13.644,32.873,7.468,5.453,7.469,18.855,12.655,65.41,20.0,241.546
2000.4167,2000-06,19.217,13.733,13.557,33.427,7.234,5.412,7.368,18.696,12.711,65.742,20.832,243.226
2000.5,2000-07,19.132,13.656,13.379,33.099,7.306,5.506,7.544,18.844,12.845,63.451,20.796,240.979
2000.5833,2000-08,19.203,13.913,13.69,33.275,7.338,5.376,7.47,18.77,12.874,64.451,20.41,242.318
2000.6667,2000-09,19.362,14.394,14.12,33.487,7.423,5.502,7.464,18.776,13.149,64.735,21.239,245.52
2000.75,2000-10,19.319,14.269,13.807,33.426,7.311,5.347,7.552,18.848,13.116,65.02,21.282,245.399
2000.8333,2000-11,19.529,14.344,13.947,33.7,7.189,5.306,7.353,18.554,13.194,62.945,21.774,243.846
2000.9167,2000-12,19.677,15.249,13.75,34.156,7.213,5.315,7.015,19.176,13.414,61.456,21.785,243.844
2001.0,2001-01,19.904,14.174,13.772,33.834,7.214,5.286,7.578,19.089,13.235,65.034,21.799,247.339
2001.0833,2001-02,19.17,13.967,13.84,34.267,7.18,5.446,7.396,19.582,13.421,65.022,21.534,247.289
2001.1667,2001-03,18.542,14.014,13.392,34.308,7.109,5.438,7.335,19.289,13.496,64.187,20.649,244.514
2001.25,2001-04,19.073,13.913,13.92,34.239,7.076,5.383,7.348,20.302,13.518,65.645,21.553,249.113
2001.3333,2001-05,18.991,13.69,13.524,34.533,7.002,5.381,7.344,19.907,13.639,66.514,22.322,250.25
2001.4167,2001-06,18.889,13.774,13.476,34.582,7.09,5.424,7.402,19.839,13.727,65.467,21.857,248.836
2001.5,2001-07,19.121,13.68,13.59,34.334,7.164,5.421,7.476,19.721,13.724,64.85,20.543,247.336
2001.5833,2001-08,19.093,13.909,13.913,34.788,7.187,5.54,7.409,19.765,13.831,65.34,20.812,249.59
2001.6667,2001-09,18.864,13.156,12.992,34.768,7.021,5.415,7.213,19.394,13.802,61.603,21.164,243.13
2001.75,2001-10,18.955,13.644,13.593,34.923,7.183,5.503,7.362,19.957,14.105,79.627,19.914,262.862
2001.8333,2001-11,19.135,13.48,13.636,35.003,7.414,5.67,7.469,19.959,14.105,70.538,19.211,254.084
2001.9167,2001-12,19.038,13.543,13.795,34.912,7.672,5.514,7.7,19.881,14.184,66.255,18.719,249.879
2002.0,2002-01,18.935,13.783,13.795,34.793,7.42,5.557,7.644,20.09,14.339,66.543,18.974,250.603
2002.0833,2002-02,18.811,13.839,14.003,34.809,7.484,5.476,7.709,20.387,14.55,66.936,18.979,252.279
2002.1667,2002-03,18.905,14.029,14.109,34.784,7.544,5.471,7.713,20.396,14.646,65.157,19.795,251.542
2002.25,2002-04,19.018,14.232,13.925,34.402,7.48,5.512,7.665,20.942,14.705,66.609,20.731,254.543
2002.3333,2002-05,18.53,14.477,13.9,34.722,7.551,5.492,7.716,20.678,14.734,64.254,20.767,252.39
2002.4167,2002-06,18.604,14.247,13.951,34.538,7.547,5.413,7.605,20.549,14.809,65.997,20.589,253.652
2002.5,2002-07,18.297,14.549,13.852,34.65,7.454,5.445,7.523,20.549,14.815,69.154,21.292,257.339
2002.5833,2002-08,18.261,14.457,14.026,34.758,7.424,5.43,7.609,20.522,14.963,70.55,21.117,259.05
2002.6667,2002-09,18.041,14.358,13.721,34.363,7.367,5.549,7.596,20.54,15.152,66.115,21.167,254.081
2002.75,2002-10,18.541,14.52,14.164,34.739,7.432,5.548,7.584,20.374,15.067,66.437,21.511,256.131
2002.8333,2002-11,18.01,15.04,14.126,34.984,7.363,5.616,7.738,20.713,15.229,65.339,21.926,256.35
2002.9167,2002-12,17.917,15.043,14.282,34.547,7.421,5.518,7.737,20.438,15.104,68.362,22.213,259.206
2003.0,2003-01,17.807,15.056,14.245,35.322,7.277,5.501,7.6,21.118,15.313,68.304,23.013,261.394
2003.0833,2003-02,17.67,15.583,13.788,35.221,7.204,5.391,7.288,19.921,15.35,65.267,23.746,257.531
2003.1667,2003-03,17.763,15.282,14.026,35.127,7.243,5.442,7.629,20.999,15.486,66.319,23.902,260.566
2003.25,2003-04,17.687,15.227,14.066,35.218,7.32,5.508,7.664,21.027,15.527,68.42,22.366,261.375
2003.3333,2003-05,17.838,15.298,14.294,35.115,7.431,5.523,7.82,21.119,15.646,68.182,21.668,261.392
2003.4167,2003-06,17.912,15.452,14.548,35.249,7.507,5.639,7.848,21.912,15.733,69.935,21.678,265.331
2003.5,2003-07,18.14,15.564,14.715,35.632,7.597,5.55,7.862,22.106,15.957,70.221,22.033,267.683
2003.5833,2003-08,18.207,15.801,14.737,35.534,7.811,5.854,7.921,22.326,16.146,70.445,22.948,270.612
2003.6667,2003-09,18.157,16.146,14.813,35.526,7.751,5.647,7.969,22.522,16.194,69.769,23.069,270.212
2003.75,2003-10,17.889,16.267,14.729,35.52,7.843,5.596,8.015,22.659,16.219,68.528,22.747,269.06
2003.8333,2003-11,17.81,16.225,14.927,35.348,7.892,5.636,8.12,22.533,16.33,68.896,23.303,270.161
2003.9167,2003-12,17.791,16.34,15.051,35.277,7.944,5.717,8.1,22.732,16.421,69.008,23.822,271.55
2004.0,2004-01,17.8,16.804,15.142,36.177,7.92,5.774,8.075,22.537,16.187,67.344,24.818,272.465
2004.0833,2004-02,17.871,17.064,15.284,35.445,7.932,5.829,8.132,22.523,15.914,69.468,25.105,274.36
2004.1667,2004-03,18.165,16.611,15.509,35.951,7.971,5.84,8.342,24.666,16.25,70.791,25.557,279.692
2004.25,2004-04,17.752,17.018,15.294,36.12,8.044,5.739,8.269,24.47,16.284,68.882,25.474,277.625
2004.3333,2004-05,17.921,16.932,15.351,36.219,8.133,5.737,8.155,24.221,16.302,70.774,26.835,281.281
2004.4167,2004-06,17.695,17.213,15.11,36.086,8.17,5.75,8.342,24.478,16.36,68.948,26.823,279.141
2004.5,2004-07,17.888,17.359,15.294,36.352,8.199,5.843,8.615,24.346,16.375,69.896,26.67,281.35
2004.5833,2004-08,17.896,17.634,15.233,36.149,8.198,5.851,8.445,24.584,16.428,69.618,26.359,281.006
2004.6667,2004-09,17.943,17.809,15.448,36.791,8.311,5.811,8.345,24.701,16.414,73.296,27.039,286.866
2004.75,2004-10,18.016,18.106,15.638,36.656,8.319,5.855,8.582,24.644,16.588,71.267,28.725,287.7
2004.8333,2004-11,17.942,18.258,15.675,36.916,8.306,5.875,8.495,24.865,16.572,71.8,29.223,289.679
2004.9167,2004-12,18.137,18.381,15.832,37.095,8.327,5.844,8.659,25.437,16.681,73.938,28.954,293.401
2005.0,2005-01,18.034,18.621,15.762,37.259,8.42,5.882,8.599,25.897,16.999,70.376,28.351,290.111
2005.0833,2005-02,18.173,18.614,16.279,37.22,8.606,5.918,8.673,25.596,17.085,72.045,28.897,293.71
2005.1667,2005-03,17.818,18.929,15.869,37.346,8.642,5.852,8.61,26.022,17.038,72.627,29.381,294.743
2005.25,2005-04,18.153,19.218,16.248,37.666,8.655,6.119,8.759,26.328,17.143,71.891,29.919,297.153
2005.3333,2005-05,17.808,19.078,16.071,37.529,8.611,5.988,8.702,26.301,17.241,71.721,29.004,295.314
2005.4167,2005-06,18.263,19.501,16.424,37.8,8.689,5.912,8.847,26.447,17.187,78.384,29.779,305.083
2005.5,2005-07,17.858,19.512,16.072,37.654,8.72,5.97,8.851,26.357,17.441,80.13,30.894,307.32
2005.5833,2005-08,17.822,20.21,16.346,37.935,8.715,5.99,8.939,26.567,17.357,72.12,33.19,303.216
2005.6667,2005-09,17.557,20.37,16.042,38.302,8.783,5.836,9.001,26.944,17.493,69.276,35.92,304.187
2005.75,2005-10,18.07,20.601,16.744,38.177,8.923,6.079,9.06,27.439,17.562,66.411,35.827,303.989
2005.8333,2005-11,18.048,20.798,16.7,38.144,8.799,6.057,9.084,27.467,17.619,71.647,33.041,306.566
2005.9167,2005-12,17.765,21.138,16.799,38.528,8.778,6.158,9.038,27.068,17.824,71.64,33.083,306.723
2006.0,2006-01,18.107,20.88,16.902,37.936,9.243,6.437,9.323,29.437,17.831,75.195,34.19,315.566
2006.0833,2006-02,17.981,21.425,16.984,38.565,8.953,6.318,9.205,29.265,17.879,72.46,34.106,313.44
2006.1667,2006-03,17.888,22.108,16.947,38.541,9.031,6.307,9.196,29.182,17.995,73.146,34.09,314.471
2006.25,2006-04,17.932,21.647,17.196,38.557,9.04,6.341,9.171,28.711,18.087,73.245,35.643,316.094
2006.3333,2006-05,17.757,22.127,17.069,38.903,8.978,6.232,9.108,27.626,18.271,72.425,36.014,314.919
2006.4167,2006-06,17.847,22.203,17.284,39.07,8.967,6.244,9.268,27.209,18.364,74.06,36.049,316.978
2006.5,2006-07,17.584,21.921,17.32,39.032,9.0,6.167,9.193,27.112,18.444,74.717,36.949,317.984
2006.5833,2006-08,17.49,22.616,17.178,39.359,8.99,6.166,9.198,27.169,18.517,73.67,37.51,318.802
2006.6667,2006-09,17.826,22.564,17.858,39.099,9.002,6.372,9.306,26.767,18.683,72.915,34.824,316.4
2006.75,2006-10,17.657,22.737,17.676,39.622,8.819,6.237,9.154,26.964,18.834,74.135,32.741,316.145
2006.8333,2006-11,17.609,22.652,17.505,39.618,9.002,6.22,9.079,26.533,19.048,74.637,33.286,317.123
2006.9167,2006-12,17.713,22.631,18.077,39.793,9.352,6.302,9.114,26.902,19.28,73.748,34.854,320.312
2007.0,2007-01,18.064,22.601,18.053,39.875,9.068,6.253,9.355,27.304,19.188,73.791,34.091,320.305
2007.0833,2007-02,17.586,23.811,17.697,40.302,8.982,6.247,9.154,26.887,19.135,74.304,34.895,321.434
2007.1667,2007-03,17.798,23.37,18.174,40.263,8.874,6.463,9.183,27.301,19.259,73.755,35.947,323.708
2007.25,2007-04,17.48,23.616,17.789,40.06,8.865,6.37,9.171,26.512,19.316,74.584,36.261,322.878
2007.3333,2007-05,17.521,23.682,18.037,40.378,8.924,6.476,9.103,26.933,19.35,75.594,37.829,327.266
2007.4167,2007-06,17.328,23.79,17.97,40.547,8.876,6.54,9.031,26.447,19.579,73.046,37.149,324.076
2007.5,2007-07,17.559,24.193,17.98,40.638,8.942,6.616,9.079,26.624,19.549,73.679,36.809,325.455
2007.5833,2007-08,17.527,24.213,18.059,40.628,9.107,6.523,9.049,26.454,19.718,75.021,37.038,327.444
2007.6667,2007-09,17.26,24.323,17.964,40.776,9.059,6.431,8.883,26.173,19.851,75.604,38.214,328.668
2007.75,2007-10,17.292,24.784,17.964,41.019,9.134,6.545,8.883,25.965,19.726,76.24,39.043,330.544
2007.8333,2007-11,17.346,25.427,18.256,41.517,9.336,6.683,8.846,26.365,19.705,74.181,41.877,334.021
2007.9167,2007-12,17.199,24.603,18.12,41.616,9.24,6.502,8.734,25.317,19.691,71.61,41.629,329.259
2008.0,2008-01,16.813,24.404,18.065,41.82,9.037,6.513,8.629,25.409,19.857,72.256,42.321,330.478
2008.0833,2008-02,16.822,24.541,17.834,41.677,9.038,6.533,8.373,25.42,20.024,70.501,42.403,327.869
2008.1667,2008-03,16.697,24.79,17.937,41.83,9.054,6.504,8.393,25.218,20.059,70.077,43.119,328.493
2008.25,2008-04,16.708,25.684,17.865,42.196,9.148,6.574,8.385,25.08,19.892,68.354,42.789,328.037
2008.3333,2008-05,16.916,25.859,18.2,42.288,9.358,6.633,8.373,25.421,20.282,67.421,44.279,331.088
2008.4167,2008-06,17.059,25.755,18.278,42.293,9.186,6.584,8.242,25.555,20.27,65.644,46.353,331.764
2008.5,2008-07,16.779,26.065,18.129,42.552,9.201,6.553,8.163,25.685,20.373,63.303,46.615,330.301
2008.5833,2008-08,16.645,25.636,18.121,42.717,9.065,6.62,7.944,25.174,20.347,63.417,45.615,327.296
2008.6667,2008-09,16.079,25.542,17.119,42.535,8.664,6.236,7.512,25.03,20.387,60.951,45.563,321.568
2008.75,2008-10,16.016,24.902,16.929,42.44,8.563,6.194,7.536,24.462,20.358,55.55,40.348,308.968
2008.8333,2008-11,16.329,23.593,16.765,42.22,8.586,6.216,7.438,22.968,20.495,53.545,31.814,295.396
2008.9167,2008-12,15.839,23.224,16.427,41.663,8.211,6.215,7.252,22.726,20.457,52.682,27.85,287.571
2009.0,2009-01,15.861,23.576,16.774,42.496,8.743,6.305,7.163,22.571,20.486,54.269,28.751,292.449
2009.0833,2009-02,15.627,23.675,16.996,41.772,8.724,6.299,7.097,22.299,20.639,52.725,29.791,291.429
2009.1667,2009-03,15.532,23.319,16.043,41.693,7.982,6.175,6.85,21.956,20.661,51.714,28.723,286.022
2009.25,2009-04,15.638,23.381,16.527,41.952,7.929,6.259,6.866,21.951,20.797,52.245,28.674,287.53
2009.3333,2009-05,15.727,23.603,16.632,42.001,7.87,6.195,6.894,22.128,20.853,52.606,30.438,290.215
2009.4167,2009-06,15.427,24.144,16.382,42.178,7.9,6.194,6.887,22.106,20.801,55.07,33.104,295.458
2009.5,2009-07,15.493,24.508,16.617,42.131,7.825,6.206,6.841,21.722,20.753,56.711,32.919,296.928
2009.5833,2009-08,15.539,24.521,16.863,42.053,7.885,6.289,6.771,21.275,20.815,60.797,34.638,302.871
2009.6667,2009-09,15.493,24.784,16.729,42.342,7.835,6.223,6.778,21.161,20.955,52.078,34.613,294.449
2009.75,2009-10,15.62,25.087,16.899,42.462,7.754,6.18,6.717,20.47,21.012,55.253,34.733,298.067
2009.8333,2009-11,15.482,25.164,16.662,42.509,8.038,6.045,6.775,20.76,21.045,55.915,36.53,300.583
2009.9167,2009-12,15.459,25.436,16.615,42.734,7.947,6.249,6.825,20.69,20.951,55.666,37.063,301.959
2010.0,2010-01,15.523,25.742,16.917,42.69,8.098,6.265,6.813,20.4,20.917,55.446,37.279,302.325
2010.0833,2010-02,15.459,25.697,16.956,43.396,8.365,6.15,6.929,20.267,20.942,54.389,36.876,302.31
2010.1667,2010-03,15.401,26.121,17.446,42.963,8.006,6.249,7.02,21.691,21.09,59.438,37.045,309.525
2010.25,2010-04,15.698,26.178,17.286,42.845,8.14,6.162,6.93,23.358,21.206,60.347,37.069,312.143
2010.3333,2010-05,15.368,26.195,17.229,42.931,8.242,6.238,6.905,21.533,21.146,60.122,36.53,309.158
2010.4167,2010-06,15.358,26.816,17.07,42.587,8.359,6.248,6.875,21.337,21.4,60.012,35.537,308.588
2010.5,2010-07,15.156,26.497,17.154,42.725,8.223,6.263,6.898,21.3,21.487,61.258,35.661,309.543
2010.5833,2010-08,15.178,27.033,17.218,42.92,8.202,6.194,6.923,21.07,21.594,61.109,36.054,310.761
2010.6667,2010-09,15.15,27.305,17.289,43.314,8.274,6.206,6.898,21.184,21.634,61.817,37.219,313.785
2010.75,2010-10,15.12,27.32,17.599,43.167,8.101,6.317,6.846,21.884,21.833,63.414,38.38,317.699
2010.8333,2010-11,15.614,27.276,17.987,43.76,7.926,6.409,6.9,21.745,21.914,63.792,39.134,320.695
2010.9167,2010-12,15.26,28.023,17.76,43.83,8.14,6.334,6.863,22.003,22.002,63.811,41.184,323.421
2011.0,2011-01,15.204,28.829,17.928,44.329,8.108,6.292,6.785,21.291,22.421,64.723,41.732,325.674
2011.0833,2011-02,15.44,28.402,18.147,44.644,8.226,6.346,6.95,21.012,22.169,65.764,42.203,328.049
2011.1667,2011-03,15.321,28.621,18.203,44.748,8.333,6.282,7.204,21.662,22.275,66.117,43.689,331.161
2011.25,2011-04,15.447,28.928,18.533,45.439,8.384,6.342,7.125,21.872,22.162,65.217,44.557,333.189
2011.3333,2011-05,15.225,29.116,18.372,45.034,8.264,6.268,7.041,22.101,22.327,64.401,45.166,332.409
2011.4167,2011-06,15.564,29.327,18.735,45.456,8.298,6.287,7.022,22.536,22.323,65.387,44.524,335.108
2011.5,2011-07,15.229,29.356,18.564,45.506,8.426,6.209,7.071,22.565,22.442,65.128,44.702,334.922
2011.5833,2011-08,15.054,29.729,18.448,45.7,8.478,6.374,7.121,22.549,22.543,64.273,44.978,335.163
2011.6667,2011-09,15.196,29.751,19.039,45.606,8.34,6.41,7.185,22.462,22.444,67.369,44.98,339.011
2011.75,2011-10,15.113,30.541,18.697,45.679,8.664,6.322,7.09,23.053,22.569,68.451,44.739,341.058
2011.8333,2011-11,15.135,30.807,18.832,45.821,8.492,6.241,7.19,22.732,22.484,68.75,45.456,342.214
2011.9167,2011-12,15.058,30.599,19.041,45.766,8.341,6.095,7.323,23.281,22.422,69.946,45.214,343.093
2012.0,2012-01,14.972,30.477,19.119,45.926,8.409,6.298,7.427,23.435,22.716,70.093,45.565,345.656
2012.0833,2012-02,15.2,30.973,19.817,45.975,8.445,6.392,7.413,23.426,22.709,71.146,47.025,350.345
2012.1667,2012-03,15.121,30.843,19.593,46.457,8.606,6.528,7.383,24.394,22.696,71.115,47.437,351.748
2012.25,2012-04,14.828,31.214,19.109,46.542,8.482,6.546,7.291,23.25,22.774,71.431,46.814,349.722
2012.3333,2012-05,14.631,31.852,19.16,46.536,8.614,6.557,7.438,22.531,22.591,72.182,45.586,349.064
2012.4167,2012-06,14.713,31.8,19.432,46.554,8.542,6.512,7.351,22.343,22.164,70.904,43.648,345.339
2012.5,2012-07,14.734,32.204,19.238,46.631,8.649,6.508,7.438,22.493,22.505,71.701,43.336,346.936
2012.5833,2012-08,14.712,32.61,19.493,46.735,8.535,6.451,7.389,22.926,22.442,72.468,46.294,351.782
2012.6667,2012-09,14.669,32.854,19.636,46.82,8.539,6.417,7.409,23.414,22.292,73.767,47.033,354.575
2012.75,2012-10,14.493,32.693,19.427,47.101,8.213,6.441,7.208,23.591,22.197,73.279,47.925,354.747
2012.8333,2012-11,14.391,33.293,19.498,46.986,8.535,6.385,7.441,23.946,22.345,74.408,46.761,356.158
2012.9167,2012-12,14.399,33.13,19.707,46.879,8.692,6.533,7.741,23.85,22.561,75.422,45.964,357.519
2013.0,2013-01,14.729,33.628,19.971,46.963,8.683,6.706,7.719,24.13,22.832,76.324,45.989,360.257
2013.0833,2013-02,14.49,33.484,19.843,47.444,8.747,6.724,7.663,24.523,22.66,77.271,49.009,365.227
2013.1667,2013-03,14.378,33.287,19.878,47.382,8.511,6.616,7.68,24.485,22.69,76.508,47.626,362.148
2013.25,2013-04,14.154,33.197,19.979,46.955,8.536,6.508,7.635,24.56,22.595,76.912,46.043,360.499
2013.3333,2013-05,14.294,33.196,19.932,47.492,8.544,6.579,7.567,25.163,22.692,78.388,45.498,362.842
2013.4167,2013-06,14.194,33.157,19.89,47.481,8.557,6.605,7.779,24.604,22.661,80.027,45.76,364.181
2013.5,2013-07,14.046,33.517,20.084,47.735,8.48,6.633,7.758,25.168,22.904,80.2,45.886,366.243
2013.5833,2013-08,14.024,33.657,19.857,47.908,8.475,6.476,7.823,25.111,22.926,79.923,45.547,365.543
2013.6667,2013-09,14.103,33.714,19.833,47.97,8.429,6.573,7.867,25.113,23.318,78.83,45.614,365.668
2013.75,2013-10,14.225,33.623,20.25,48.13,8.509,6.563,7.977,24.744,23.34,80.095,44.851,366.444
2013.8333,2013-11,14.019,34.383,19.813,48.185,8.446,6.584,8.048,24.667,23.337,80.387,44.638,366.868
2013.9167,2013-12,13.96,35.302,20.016,48.632,8.357,6.57,7.756,24.806,23.385,80.04,46.488,369.499
2014.0,2014-01,13.698,34.46,20.093,48.839,8.388,6.203,7.62,24.776,23.344,77.857,47.01,366.684
2014.0833,2014-02,14.11,35.192,20.044,48.86,8.413,6.508,7.906,24.673,23.458,79.995,47.404,371.335
2014.1667,2014-03,14.112,35.673,20.152,48.897,8.454,6.506,8.03,25.071,23.59,83.022,46.804,375.285
2014.25,2014-04,14.397,35.704,20.65,49.234,8.422,6.611,8.16,25.942,23.78,84.398,46.98,379.432
2014.3333,2014-05,14.219,35.8,20.27,49.51,8.296,6.578,8.138,26.221,24.112,84.479,46.727,379.787
2014.4167,2014-06,14.003,36.46,20.308,49.832,8.212,6.665,8.148,26.434,24.297,84.743,45.643,380.618
2014.5,2014-07,14.071,36.447,20.38,50.05,8.292,6.644,8.171,25.902,24.321,85.176,45.677,381.045
2014.5833,2014-08,14.109,36.811,20.544,50.236,8.366,6.893,8.309,26.423,24.398,85.953,45.82,384.017
2014.6667,2014-09,13.859,36.915,20.279,50.413,8.509,6.768,8.243,26.3,24.505,84.871,45.3,382.277
2014.75,2014-10,13.877,37.383,20.629,50.636,8.477,6.871,8.276,26.338,24.41,85.352,44.415,383.323
2014.8333,2014-11,13.928,37.551,20.827,50.667,8.794,6.853,8.388,26.397,24.514,86.457,43.543,384.459
2014.9167,2014-12,13.977,37.671,20.722,50.805,8.641,6.78,8.512,26.103,24.662,85.891,40.403,380.682
2015.0,2015-01,13.952,37.717,20.607,50.949,8.505,6.656,8.485,26.312,24.857,87.056,36.531,378.518
2015.0833,2015-02,13.774,38.632,20.769,51.027,8.376,6.696,8.304,25.376,24.629,85.679,37.755,377.594
2015.1667,2015-03,13.867,38.404,20.812,50.972,8.157,6.787,8.546,26.305,25.209,89.649,38.276,383.681
2015.25,2015-04,13.759,38.648,20.917,50.83,8.289,6.796,8.661,26.563,24.774,90.206,37.688,383.893
2015.3333,2015-05,13.96,38.541,21.08,50.928,8.327,6.851,8.856,26.619,24.747,90.924,39.194,387.155
2015.4167,2015-06,13.66,38.615,20.809,51.137,8.394,6.793,8.688,26.331,24.913,90.764,39.696,387.199
2015.5,2015-07,13.644,39.425,21.033,51.301,8.24,6.847,8.853,27.215,25.141,91.178,40.208,390.953
2015.5833,2015-08,13.64,39.307,21.077,51.214,8.242,6.882,8.861,27.209,25.292,91.832,39.108,390.57
2015.6667,2015-09,13.695,39.752,20.877,51.114,8.255,6.912,8.868,27.029,25.608,92.253,36.803,388.551
2015.75,2015-10,13.631,40.018,20.749,50.985,8.154,6.819,8.963,27.176,25.419,91.437,36.483,387.066
2015.8333,2015-11,13.648,39.901,20.779,51.259,8.102,6.906,8.95,27.437,25.556,92.525,36.017,388.53
2015.9167,2015-12,13.545,40.111,20.918,51.053,8.007,7.051,9.161,27.988,25.784,92.218,35.784,389.551
2016.0,2016-01,13.242,40.864,20.83,51.323,7.849,6.999,9.039,27.988,25.587,91.798,34.459,387.483
2016.0833,2016-02,13.214,41.046,21.387,51.245,7.931,6.998,9.066,28.041,26.116,93.713,32.828,390.029
2016.1667,2016-03,13.146,41.024,20.918,50.893,7.764,6.985,9.026,28.714,25.974,92.065,34.051,388.998
2016.25,2016-04,12.886,41.743,20.855,51.494,7.773,6.926,9.014,27.785,26.17,92.488,35.09,391.112
2016.3333,2016-05,12.765,42.392,20.965,51.671,7.798,6.966,9.061,27.334,26.146,92.706,35.911,392.299
2016.4167,2016-06,13.059,43.012,21.099,51.987,7.77,7.263,9.213,28.143,26.256,93.454,37.04,397.113
2016.5,2016-07,12.79,42.959,20.903,51.685,7.82,6.939,9.151,27.843,26.25,94.683,36.72,396.545
2016.5833,2016-08,12.818,43.235,21.215,51.926,7.89,6.753,9.12,27.655,26.147,95.07,35.836,396.293
2016.6667,2016-09,12.725,43.645,21.347,52.284,7.605,6.778,9.34,27.836,26.166,95.834,36.774,398.797
2016.75,2016-10,12.636,44.042,21.165,52.546,7.519,6.814,9.171,27.853,25.356,95.532,37.8,399.637
2016.8333,2016-11,12.33,44.295,20.927,52.57,7.423,6.696,9.161,28.03,25.604,95.22,37.388,398.68
2016.9167,2016-12,12.324,45.319,21.374,52.953,7.488,6.807,9.138,27.95,25.687,97.895,39.288,405.114
2017.0,2017-01,12.631,45.523,21.488,53.003,7.583,6.919,9.291,28.26,25.711,97.827,39.807,408.269
2017.0833,2017-02,12.419,45.735,21.101,53.421,7.505,6.799,9.287,28.684,26.015,97.227,40.144,408.155
2017.1667,2017-03,12.419,46.412,21.246,53.848,7.685,6.719,9.352,28.506,26.174,95.402,39.843,407.63
2017.25,2017-04,12.399,46.803,21.292,53.979,7.771,6.763,9.204,28.835,26.376,95.953,39.603,409.134
2017.3333,2017-05,12.258,47.403,21.057,53.988,7.622,6.684,9.285,28.534,26.452,96.227,38.039,406.609
2017.4167,2017-06,12.289,47.858,21.201,53.879,7.543,6.689,9.373,28.571,26.668,97.254,37.374,409.067
2017.5,2017-07,12.122,48.145,21.073,53.867,7.474,6.569,9.316,28.732,26.714,97.361,37.358,409.113
2017.5833,2017-08,12.068,48.419,21.186,54.159,7.469,6.637,9.39,28.7,26.985,95.539,38.539,409.606
2017.6667,2017-09,12.096,48.93,21.294,54.793,7.536,6.713,9.346,29.783,27.068,99.355,40.734,419.021
2017.75,2017-10,11.997,48.44,21.197,54.927,7.592,6.729,9.609,29.325,27.24,100.056,40.735,418.999
2017.8333,2017-11,12.083,50.97,21.447,54.923,7.782,6.817,9.711,29.817,27.385,99.233,41.745,423.224
2017.9167,2017-12,11.912,51.829,21.213,55.629,7.685,6.789,9.834,29.848,27.236,99.075,42.631,425.545
2018.0,2018-01,12.102,51.63,21.245,55.026,7.725,6.497,9.633,28.805,27.252,98.428,42.765,423.202
2018.0833,2018-02,12.109,51.683,21.771,55.294,7.826,6.794,9.657,29.754,27.097,98.17,43.09,425.507
2018.1667,2018-03,11.433,52.43,21.144,55.452,7.752,6.845,9.673,29.427,27.273,98.338,42.824,425.087
2018.25,2018-04,12.202,52.97,21.458,55.584,7.825,6.773,9.799,29.637,27.542,98.39,42.962,425.899
2018.3333,2018-05,12.313,53.427,22.172,55.63,7.791,6.76,9.718,30.464,28.029,99.291,43.955,432.34
2018.4167,2018-06,11.797,53.515,21.628,55.48,7.828,6.559,9.76,30.962,27.714,98.841,43.721,430.008
2018.5,2018-07,11.863,54.383,21.947,55.787,7.737,6.266,9.811,31.095,27.854,99.315,43.909,432.07
2018.5833,2018-08,11.76,54.696,21.516,55.67,7.792,6.204,9.676,30.714,28.105,98.656,44.634,432.031
2018.6667,2018-09,11.596,55.239,21.405,55.972,7.649,6.113,9.676,30.883,27.963,98.044,44.136,431.438
2018.75,2018-10,11.729,55.451,21.841,56.146,7.684,6.111,9.707,31.386,28.24,98.586,45.827,435.894
2018.8333,2018-11,11.873,57.991,21.895,56.317,7.649,6.161,9.727,30.743,28.76,99.709,43.449,438.612
2018.9167,2018-12,11.494,51.416,21.565,56.331,7.548,6.055,9.839,30.713,27.554,100.62,40.956,428.932
2019.0,2019-01,11.428,56.103,21.463,57.229,7.604,6.166,9.58,31.817,28.419,97.739,39.843,430.246
2019.0833,2019-02,11.438,56.531,21.504,56.043,7.509,6.23,9.595,30.29,28.763,98.97,41.418,431.194
2019.1667,2019-03,11.362,56.344,21.833,57.133,7.548,6.265,9.708,30.625,28.653,101.705,43.173,438.196
2019.25,2019-04,11.357,56.648,21.771,57.386,7.353,6.385,9.765,30.643,28.584,99.558,44.43,437.735
2019.3333,2019-05,11.338,60.039,21.58,57.385,7.517,6.408,9.839,30.423,28.791,101.343,43.834,442.514
2019.4167,2019-06,11.185,60.778,21.582,57.759,7.477,6.452,9.891,30.417,28.636,101.4,42.168,442.116
2019.5,2019-07,11.479,61.085,21.862,58.273,7.487,6.344,9.917,30.915,28.497,101.891,42.748,445.304
2019.5833,2019-08,11.319,61.553,21.882,58.398,7.455,6.405,9.897,31.27,28.493,104.265,42.757,448.519
2019.6667,2019-09,10.949,61.977,21.645,57.858,7.455,6.377,10.045,30.945,28.425,101.747,42.48,444.555
2019.75,2019-10,10.947,62.048,21.693,57.677,7.392,6.427,9.918,30.876,28.704,101.871,42.908,445.627
2019.8333,2019-11,11.139,62.194,21.674,57.854,7.42,6.203,9.981,30.895,28.465,104.489,42.782,449.04
2019.9167,2019-12,10.952,61.752,22.475,58.232,7.442,6.404,9.978,31.358,28.126,102.252,44.04,449.643
2020.0,2020-01,10.844,62.449,22.198,57.585,7.309,6.419,10.193,31.869,28.935,100.852,43.191,447.774
2020.0833,2020-02,10.817,63.299,22.039,57.675,7.215,6.385,10.025,31.846,29.23,101.452,41.373,447.972
2020.1667,2020-03,8.811,66.854,11.074,73.89,5.915,5.271,7.819,31.761,30.701,74.573,34.937,420.954
2020.25,2020-04,6.206,75.27,2.733,63.861,3.297,3.536,3.885,31.576,26.149,64.335,26.904,370.296
2020.3333,2020-05,8.7,83.106,8.051,64.32,4.065,6.165,7.023,35.988,26.601,96.823,29.975,437.957
2020.4167,2020-06,9.514,80.871,16.725,63.073,5.731,7.783,9.717,36.303,28.472,105.134,33.786,465.8
2020.5,2020-07,9.524,82.421,17.379,63.224,6.529,7.532,10.012,35.761,30.081,104.887,35.422,471.873
2020.5833,2020-08,9.379,84.574,17.692,62.124,6.644,7.007,10.493,36.148,29.524,105.564,36.279,473.696
2020.6667,2020-09,10.258,84.138,20.047,62.045,6.451,7.469,10.576,36.584,30.012,109.319,36.72,482.702
2020.75,2020-10,9.856,84.825,19.565,61.697,6.87,7.372,10.457,36.025,29.987,108.681,36.464,480.763
2020.8333,2020-11,9.636,85.531,18.596,62.55,6.598,7.255,10.188,36.236,29.583,107.494,35.46,478.079
2020.9167,2020-12,9.704,86.766,19.382,62.379,6.315,7.32,10.373,36.208,29.717,109.545,38.762,485.949
2021.0,2021-01,10.442,86.557,20.099,63.22,7.143,8.078,11.555,38.53,29.812,112.757,40.778,501.604
2021.0833,2021-02,9.849,84.342,19.154,63.56,6.869,7.288,10.9,36.716,29.636,108.89,41.568,488.805
2021.1667,2021-03,11.232,89.52,23.506,63.736,8.059,8.825,11.734,41.91,32.09,127.776,46.295,539.607
2021.25,2021-04,11.129,89.701,23.453,64.264,8.092,8.677,11.779,41.953,31.957,130.966,44.854,542.199
2021.3333,2021-05,11.3,89.17,24.044,64.916,7.94,8.382,11.58,40.226,31.321,128.164,45.439,536.589
2021.4167,2021-06,11.5,91.456,24.979,65.854,8.288,8.319,11.488,39.712,32.334,125.068,46.633,540.152
2021.5,2021-07,11.286,86.305,24.315,65.495,8.099,8.103,11.51,38.865,32.225,120.301,47.333,528.6
2021.5833,2021-08,11.245,90.676,23.905,67.212,7.822,8.12,11.464,38.76,32.429,117.047,48.498,532.477
2021.6667,2021-09,11.283,90.878,24.228,67.408,7.725,8.072,11.501,38.996,32.183,118.118,50.625,536.651
2021.75,2021-10,11.437,93.607,24.412,67.847,8.195,8.085,11.763,39.698,32.099,120.015,51.759,545.361
2021.8333,2021-11,11.344,94.485,25.012,67.923,7.309,8.318,11.607,40.804,32.49,121.997,52.811,551.082
2021.9167,2021-12,11.177,93.678,23.938,68.462,7.236,8.085,11.167,41.064,32.39,118.762,54.158,547.277
2022.0,2022-01,11.17,97.654,23.163,68.921,7.293,7.891,11.538,42.35,32.664,127.081,53.402,560.257
2022.0833,2022-02,11.269,96.745,23.91,68.985,7.467,8.192,11.645,41.952,32.416,127.23,55.679,563.777
2022.1667,2022-03,11.378,96.971,25.056,69.765,8.118,8.265,11.888,42.837,32.553,125.665,62.953,574.485
2022.25,2022-04,11.495,98.399,25.103,69.98,8.316,8.215,12.199,42.862,32.838,127.991,63.397,580.943
2022.3333,2022-05,11.492,99.398,24.53,70.847,7.881,8.181,11.953,42.483,32.656,123.204,66.444,579.844
2022.4167,2022-06,11.4,99.221,24.674,71.739,7.76,8.213,11.772,42.396,33.212,124.585,67.974,585.556
2022.5,2022-07,11.305,100.236,24.136,71.225,7.803,8.257,11.631,42.405,33.431,121.67,65.773,579.267
2022.5833,2022-08,11.402,101.283,24.499,71.601,7.764,8.315,11.776,42.823,33.318,125.193,60.942,581.196
2022.6667,2022-09,11.566,101.526,24.693,72.067,7.722,8.301,11.665,42.51,33.529,124.363,59.157,579.446
2022.75,2022-10,11.395,102.031,24.713,72.813,7.639,8.342,11.961,42.724,33.673,126.809,60.362,585.006
2022.8333,2022-11,11.193,99.902,24.512,73.118,7.044,8.221,11.473,41.459,33.896,123.35,59.425,576.356
2022.9167,2022-12,11.233,101.964,24.019,72.969,6.89,8.351,11.115,41.847,33.098,119.551,56.216,569.119
2023.0,2023-01,11.77,104.751,24.95,72.415,7.876,8.283,12.652,42.941,34.603,132.373,56.081,591.964
2023.0833,2023-02,11.516,105.415,24.66,73.258,7.641,8.209,11.864,42.268,35.07,128.257,54.81,586.165
2023.1667,2023-03,11.231,105.376,24.41,72.847,7.651,8.175,11.588,40.431,35.207,126.396,54.608,578.812
2023.25,2023-04,11.124,107.781,24.368,72.589,7.533,8.303,11.416,40.815,35.493,127.973,53.966,583.874
2023.3333,2023-05,11.106,108.412,24.29,72.567,7.521,8.218,11.293,41.622,35.745,130.11,52.642,586.286
2023.4167,2023-06,10.797,109.037,24.402,72.416,7.61,8.2,11.361,40.807,35.734,132.443,51.924,588.67
2023.5,2023-07,10.975,111.468,24.718,72.555,7.436,8.429,11.194,40.702,35.455,130.481,52.062,589.257
2023.5833,2023-08,11.071,111.35,25.104,73.142,7.571,8.182,11.178,40.914,36.097,131.374,55.75,595.191
2023.6667,2023-09,11.02,112.267,24.811,73.129,7.661,8.136,10.971,40.631,36.011,132.828,57.541,598.956
2023.75,2023-10,10.884,112.127,24.683,73.164,7.629,8.124,10.881,40.338,37.298,130.458,55.631,595.517
2023.8333,2023-11,10.669,112.097,24.838,73.358,7.365,8.173,11.052,40.323,37.15,130.084,53.661,593.567
2023.9167,2023-12,11.01,114.302,25.141,73.098,7.136,7.979,10.659,40.72,36.21,130.225,52.958,594.256
2024.0,2024-01,11.039,112.623,24.838,72.939,7.714,8.043,10.864,39.535,35.827,129.356,51.918,588.944
2024.0833,2024-02,11.128,112.045,25.122,72.894,7.769,8.151,10.787,40.215,35.765,131.471,52.755,593.206
2024.1667,2024-03,10.937,116.194,24.241,73.333,7.455,7.896,10.61,40.219,35.624,130.215,53.76,595.969
2024.25,2024-04,10.931,114.459,24.923,73.818,7.667,7.857,10.743,39.93,35.778,129.214,54.57,595.676
2024.3333,2024-05,10.936,115.904,25.212,73.737,7.752,7.876,10.86,40.171,36.028,132.64,53.407,600.372
2024.4167,2024-06,10.983,119.836,25.247,73.982,7.636,7.917,10.993,40.389,36.021,128.483,52.657,599.979
2024.5,2024-07,10.955,118.001,25.279,74.588,7.666,7.757,11.079,40.925,37.535,132.828,52.692,605.814
2024.5833,2024-08,10.839,117.908,24.957,74.216,7.504,7.801,11.144,40.896,37.678,132.195,52.126,603.601
2024.6667,2024-09,10.887,120.673,25.33,74.93,7.253,7.973,11.356,41.14,38.36,132.259,51.209,608.774
2024.75,2024-10,10.845,120.66,25.52,75.141,7.455,7.875,11.194,41.587,38.196,135.603,51.326,612.772
2024.8333,2024-11,10.811,121.383,25.483,74.958,7.497,7.845,11.347,41.349,38.085,139.565,51.173,616.344
2024.9167,2024-12,10.805,123.286,25.89,75.724,7.507,7.95,11.873,40.542,37.831,140.033,52.116,621.713
2025.0,2025-01,10.876,120.343,25.942,75.687,7.484,7.872,11.457,39.28,37.806,137.19,53.218,615.145
2025.0833,2025-02,10.697,123.527,25.599,76.08,7.526,7.689,11.566,39.683,38.865,133.812,52.733,616.636
2025.1667,2025-03,10.66,123.014,26.029,76.156,7.61,8.179,11.412,40.47,39.145,142.322,51.342,625.42
2025.25,2025-04,,123.959,26.209,76.046,7.586,7.836,11.518,40.711,39.198,141.2,50.887,624.272
2025.3333,2025-05,,124.786,26.307,75.413,7.628,7.948,11.335,39.682,39.143,134.471,50.267,616.54
2025.4167,2025-06,,124.574,26.647,76.229,7.619,7.94,11.336,40.251,39.799,135.489,50.745,620.791
2025.5,2025-07,,127.11,26.953,76.36,7.748,8.113,11.486,39.912,40.061,138.84,51.546,628.581
2025.5833,2025-08,,129.257,27.14,76.831,7.742,8.182,11.291,40.055,40.118,139.566,51.744,632.149
2025.6667,2025-09,,128.369,26.921,76.816,7.698,8.102,11.02,40.045,40.637,139.54,52.78,632.395
2025.75,2025-10,,129.286,27.298,76.836,7.717,8.274,11.174,39.749,40.456,137.44,52.067,631.346
2025.8333,2025-11,,130.174,27.393,76.579,7.727,8.311,11.163,40.32,40.222,138.71,52.739,634.477
2025.9167,2025-12,,130.162,27.176,76.63,7.768,8.431,10.953,40.762,40.119,138.645,52.937,634.83
2026.0,2026-01,,132.524,27.08,76.643,7.857,8.394,11.07,41.065,38.913,137.619,51.795,634.949
2026.0833,2026-02,,134.926,27.797,75.785,7.953,8.634,11.023,41.29,39.681,139.02,52.66,641.038
2026.1667,2026-03,,136.03,27.854,76.694,8.069,8.659,11.283,41.828,40.178,139.855,60.123,653.772
2026.25,2026-04,,138.035,27.706,77.117,8.2,8.885,11.152,41.853,40.086,139.343,62.364,657.83
2026.3333,2026-05,,138.76,27.986,77.209,8.149,8.897,11.327,41.956,40.372,140.675,64.138,663.604
2026.4167,2026-06,,140.047,27.786,77.044,8.152,8.94,11.315,42.456,40.224,143.986,60.43,665.054
2026.5,2026-07,,136.899,28.313,76.993,8.113,8.936,11.346,42.583,40.505,141.426,59.879,660.047
